{
	"name": "pause",
	"parent": null,
	"bg": "screenbg1.png",
	"v-align": "center",
	"layout": {
		"styles": {
			"default": {
				"font": "pf_tempesta_seven_bold.ttf",
				"character-size": 24,
				"spacing": 15
			},
			"version": {
				"font": "pf_tempesta_seven_bold.ttf",
				"character-size": 10,
				"spacing": 5
			}
		},
		"elements": [
			{
				"type": "image",
				"name": "lang_en",
				"src": "uk.png",
				"size": [30, 16],
				"interactable": true,
				"position": [5, 5]
			},
			{
				"type": "image",
				"name": "lang_it",
				"src": "it.png",
				"size": [30, 16],
				"interactable": true,
				"position": [40, 5]
			},
			{
				"type": "image",
				"name": "lang_de",
				"src": "de.png",
				"size": [30, 16],
				"interactable": true,
				"position": [75, 5]
			},
			{
				"type": "image",
				"name": "lang_fr",
				"src": "fr.png",
				"size": [30, 16],
				"interactable": true,
				"position": [110, 5]
			},
			{
				"type": "text",
				"name": "resume",
				"string": "!resume",
				"interactable": true
			},
			{
				"type": "text",
				"name": "save",
				"string": "!save_game",
				"interactable": true
			},
			{
				"type": "text",
				"name": "preferences",
				"string": "!preferences",
				"interactable": true
			},
			{
				"type": "text",
				"name": "quit",
				"string": "!quit_to_menu",
				"interactable": true
			},
			{
				"type": "text",
				"name": "exit",
				"string": "!exit_game",
				"interactable": true,
				"style-override": {
					"spacing": 45
				}
			},
			{
				"type": "text",
				"string": "{{FULL_VERSION}}",
				"style": "version",
				"position": [ 5, -18 ]
			}
		]
	}
}
