{
	"name": "Converted BOOM levels",
	"author": "Federico Filipponi",
	"difficulty": "average",
	"created": "2018-09-01 14:00:45 +0200",
	"comment": "Created with LifishEdit 0.8.1",
	"tracks": [
		{
			"name": "Go For It",
			"author": "George E. Kouba, Jr.",
			"loop": {
				"start": 0.0,
				"length": 0.0
			}
		},
		{
			"name": "What Goes Around",
			"author": "George E. Kouba, Jr.",
			"loop": {
				"start": 0.0,
				"length": 0.0
			}
		},
		{
			"name": "Bomber Boy",
			"author": "George E. Kouba, Jr.",
			"loop": {
				"start": 0.0,
				"length": 0.0
			}
		},
		{
			"name": "Smoak Et",
			"author": "George E. Kouba, Jr.",
			"loop": {
				"start": 0.0,
				"length": 0.0
			}
		},
		{
			"name": "Terminate",
			"author": "George E. Kouba, Jr.",
			"loop": {
				"start": 0.0,
				"length": 0.0
			}
		},
		{
			"name": "Fused",
			"author": "George E. Kouba, Jr.",
			"loop": {
				"start": 0.0,
				"length": 0.0
			}
		},
		{
			"name": "BoomRunner",
			"author": "George E. Kouba, Jr.",
			"loop": {
				"start": 0.0,
				"length": 0.0
			}
		},
		{
			"name": "Boom Forever",
			"author": "George E. Kouba, Jr.",
			"loop": {
				"start": 0.0,
				"length": 0.0
			}
		}
	],
	"enemies": [
		{
			"name": "soldier",
			"ai": 0,
			"speed": 1.0,
			"attack": {
				"type": [
					"simple",
					"blocking"
				],
				"id": 1,
				"fireRate": 1.0,
				"blockTime": 180.0
			}
		},
		{
			"name": "sgt. cool",
			"ai": 0,
			"speed": 1.0,
			"attack": {
				"type": [
					"simple",
					"blocking"
				],
				"id": 1,
				"fireRate": 1.5,
				"blockTime": 180.0
			}
		},
		{
			"name": "thick lizzy",
			"ai": 1,
			"speed": 1.0,
			"attack": {
				"type": [
					"simple",
					"blocking"
				],
				"id": 2,
				"fireRate": 1.0,
				"blockTime": 200.0
			}
		},
		{
			"name": "mean-o-taur",
			"ai": 2,
			"speed": 2.0,
			"attack": {
				"type": [
					"contact"
				],
				"contactDamage": 2,
				"fireRate": 5.0
			}
		},
		{
			"name": "gunner",
			"ai": 1,
			"speed": 1.0,
			"attack": {
				"type": [
					"blocking"
				],
				"id": 3,
				"fireRate": 7.0,
				"blockTime": 200.0
			}
		},
		{
			"name": "thing",
			"ai": 3,
			"speed": 1.0,
			"attack": {
				"type": [
					"simple",
					"blocking"
				],
				"id": 4,
				"fireRate": 1.0,
				"blockTime": 250.0
			}
		},
		{
			"name": "ghost",
			"ai": 4,
			"speed": 1.0,
			"attack": {
				"type": [
					"contact",
					"ranged"
				],
				"fireRate": 2.0
			}
		},
		{
			"name": "smoulder",
			"ai": 3,
			"speed": 1.0,
			"attack": {
				"type": [
					"blocking",
					"ranged"
				],
				"id": 5,
				"fireRate": 4.0,
				"blockTime": 260.0,
				"tileRange": 4
			}
		},
		{
			"name": "skully",
			"ai": 3,
			"speed": 1.0,
			"attack": {
				"type": [
					"blocking"
				],
				"id": 6,
				"fireRate": 6.0,
				"blockTime": 200.0
			}
		},
		{
			"name": "h.r. giggler",
			"ai": 3,
			"speed": 2.0,
			"attack": {
				"type": [
					"simple",
					"blocking"
				],
				"id": 7,
				"fireRate": 0.7,
				"blockTime": 650.0
			}
		}
	],
	"levels": [
		{
			"time": 60,
			"num": 1,
			"music": 1,
			"width": 15,
			"height": 13,
			"tileIDs": {
				"bg": 1,
				"border": 1,
				"fixed": 1,
				"breakable": 1
			},
			"tilemap": "X000202000020000121012101210100000202023000020121010101210102300A00020002020101210101210100002002030200002101210101210102002000220A003201213101212101000002020000022021210101210101000200200002000Y",
			"effects": []
		},
		{
			"time": 60,
			"num": 2,
			"music": 1,
			"width": 15,
			"height": 13,
			"tileIDs": {
				"bg": 1,
				"border": 1,
				"fixed": 1,
				"breakable": 1
			},
			"tilemap": "X002022322002220121212121212120022220A02222022101312121310102022200A00222222121012121010122222030303022020101012121012102220200A00222020121312121312122022220A022200021012121212121022020223222020Y",
			"effects": []
		},
		{
			"time": 180,
			"num": 3,
			"music": 1,
			"width": 15,
			"height": 13,
			"tileIDs": {
				"bg": 1,
				"border": 1,
				"fixed": 1,
				"breakable": 1
			},
			"tilemap": "X0022002222000Y012121210121210022022222022222212121212121010202200000002222212101A1A1012122200A22222A002221012121212101200A222232222A00012121313121210A2222333332222A212131313131212222333333333222",
			"effects": []
		},
		{
			"time": 180,
			"num": 4,
			"music": 1,
			"width": 15,
			"height": 13,
			"tileIDs": {
				"bg": 1,
				"border": 1,
				"fixed": 1,
				"breakable": 1
			},
			"tilemap": "X002220A02232220121210101212120222220002223222121212121212120A02000B00020A02121211111212122222233333222222121211111212120A02000B00020A02121212121212122222220002222202131310101212102222220A022200Y",
			"effects": []
		},
		{
			"time": 180,
			"num": 5,
			"music": 1,
			"width": 15,
			"height": 13,
			"tileIDs": {
				"bg": 1,
				"border": 1,
				"fixed": 1,
				"breakable": 1
			},
			"tilemap": "2X00002220000A2210101212101012222222222222222311111212111113220BB02220BB022211111212111112333333323333333211111212111112220BB02220BB0223111112121111132222222222222222101012121010122A00002220000Y2",
			"effects": []
		},
		{
			"time": 180,
			"num": 6,
			"music": 1,
			"width": 15,
			"height": 13,
			"tileIDs": {
				"bg": 1,
				"border": 1,
				"fixed": 1,
				"breakable": 1
			},
			"tilemap": "X0210B0B0B0120Y01211101011121022200A0A0A002222121212121212122222222333222221111212121211113332000C000233311112121212111122222333222222221212121212121222200A0A0A0022231211101011121333210B0B0B01233",
			"effects": []
		},
		{
			"time": 180,
			"num": 7,
			"music": 1,
			"width": 15,
			"height": 13,
			"tileIDs": {
				"bg": 1,
				"border": 1,
				"fixed": 1,
				"breakable": 1
			},
			"tilemap": "222B020X020B22231210101010121322202222222220221012101010101221C021302120C123101010101212132122A1203120012212121210101A122120210021222123121010121012132220022220220022101B1010121B122222220Y0222222",
			"effects": []
		},
		{
			"time": 180,
			"num": 8,
			"music": 1,
			"width": 15,
			"height": 13,
			"tileIDs": {
				"bg": 1,
				"border": 1,
				"fixed": 1,
				"breakable": 1
			},
			"tilemap": "X0002233322000Y2101012121010122222000200022222101210101210120200020A02000200121012121012100C020B020B020C02101210101210122100020002000123111012121011133331000C0001333113111313111311113332333233311",
			"effects": []
		},
		{
			"time": 180,
			"num": 9,
			"music": 1,
			"width": 15,
			"height": 13,
			"tileIDs": {
				"bg": 1,
				"border": 1,
				"fixed": 1,
				"breakable": 1
			},
			"tilemap": "X000220B022000Y012121212121210222222000222222A1010101010101A000002020200000313131010131313111111C1C111111A1010101010101A0000020202000003131310101313132222220002222220101212121210103232320B0232323",
			"effects": []
		},
		{
			"time": 180,
			"num": 10,
			"music": 1,
			"width": 15,
			"height": 13,
			"tileIDs": {
				"bg": 1,
				"border": 1,
				"fixed": 1,
				"breakable": 1
			},
			"tilemap": "000000000000000010101010101010000000000000000010101010101010000000000000000010101*00101010000000000000000010101000101010000000000000000010101010101010000000000000000010101010101010X0000000000000Y",
			"effects": []
		},
		{
			"time": 240,
			"num": 11,
			"music": 2,
			"width": 15,
			"height": 13,
			"tileIDs": {
				"bg": 2,
				"border": 2,
				"fixed": 2,
				"breakable": 2
			},
			"tilemap": "000000X0Y00000021010101010101221000000000001221110101010111222210A000A012223121112121112133320+12221+02331111112121111110000000D0000000111111111111110000D0000000D00001111111111111103333333333320+",
			"effects": []
		},
		{
			"time": 180,
			"num": 12,
			"music": 2,
			"width": 15,
			"height": 13,
			"tileIDs": {
				"bg": 2,
				"border": 2,
				"fixed": 2,
				"breakable": 2
			},
			"tilemap": "X1333330000000C0121212121212110200000B000002+01012121212101002023030303202001010121210101002B232D0D232B20010101212101010020230303032020010121212121010+200000B0000020112121212121210C0000000333331Y",
			"effects": []
		},
		{
			"time": 180,
			"num": 13,
			"music": 2,
			"width": 15,
			"height": 13,
			"tileIDs": {
				"bg": 2,
				"border": 2,
				"fixed": 2,
				"breakable": 2
			},
			"tilemap": "3333310X01333333121210101212133222210+012222311112121212111132020000000202331010101010101332D20B0C0B02D233101010101010133202000000020231111212121211113222210+01222233121210101212133333310Y0133333",
			"effects": []
		},
		{
			"time": 180,
			"num": 14,
			"music": 2,
			"width": 15,
			"height": 13,
			"tileIDs": {
				"bg": 2,
				"border": 2,
				"fixed": 2,
				"breakable": 2
			},
			"tilemap": "A0023333333200A0111111111111100100000X00000102121212121212120000220+0220000010101010101010D0003C030C3000D0101010101010100000220+02200002121212121212120100000Y0000010011111111111110A0023333333200A",
			"effects": []
		},
		{
			"time": 180,
			"num": 15,
			"music": 2,
			"width": 15,
			"height": 13,
			"tileIDs": {
				"bg": 2,
				"border": 2,
				"fixed": 2,
				"breakable": 2
			},
			"tilemap": "3330020D0200333313111010111313333122010221333111121A1A121111000+1201021+000010121010121010X00022D1D22000Y010121010121010000+1201021+000111121A1A1211113331220102213333131110101113133330020D0200333",
			"effects": []
		},
		{
			"time": 180,
			"num": 16,
			"music": 2,
			"width": 15,
			"height": 13,
			"tileIDs": {
				"bg": 2,
				"border": 2,
				"fixed": 2,
				"breakable": 2
			},
			"tilemap": "X002220D022203C01011101011131300+1000D0001030211101212101112000222313222000010131111131010B2023112113202B0101311111310100002223132220002111012121011120301000D0001+00313111010111010C302220D022200Y",
			"effects": []
		},
		{
			"time": 180,
			"num": 17,
			"music": 2,
			"width": 15,
			"height": 13,
			"tileIDs": {
				"bg": 2,
				"border": 2,
				"fixed": 2,
				"breakable": 2
			},
			"tilemap": "D000300D000300D0111111111112100233200A00021203131210101013130233200X0202310012111110101310D21+0001000+12D0131010111112100132020Y00233203131010101213130212000A0023320012111111111110D000300D000000D",
			"effects": []
		},
		{
			"time": 180,
			"num": 18,
			"music": 2,
			"width": 15,
			"height": 13,
			"tileIDs": {
				"bg": 2,
				"border": 2,
				"fixed": 2,
				"breakable": 2
			},
			"tilemap": "0D00+20C02000D0212121010121212213131020131312013131010131310013331020133310011111B1B111110X2222222222222Y011111B1B111110013331020133310013131010131310213131020131312212121010121212D000020C02+000D",
			"effects": []
		},
		{
			"time": 180,
			"num": 19,
			"music": 2,
			"width": 15,
			"height": 13,
			"tileIDs": {
				"bg": 2,
				"border": 2,
				"fixed": 2,
				"breakable": 2
			},
			"tilemap": "D0013333300220B012111111111210220000C0C000020+1010101010101131020002000201331012121212101331000X020Y0001331012121212101331020002000201311010101010101+020000C0C000022012111111111210B0220033333100D",
			"effects": []
		},
		{
			"time": 180,
			"num": 20,
			"music": 2,
			"width": 15,
			"height": 13,
			"tileIDs": {
				"bg": 2,
				"border": 2,
				"fixed": 2,
				"breakable": 2
			},
			"tilemap": "22222222222222221010121210101220000002000000221*0010101*0012200000020000002210001010100012200000020000002210101010101012200000000000002212121212121212200000020000002210101010101012+00X0002000Y00+",
			"effects": []
		},
		{
			"time": 240,
			"num": 21,
			"music": 3,
			"width": 15,
			"height": 13,
			"tileIDs": {
				"bg": 3,
				"border": 3,
				"fixed": 3,
				"breakable": 3
			},
			"tilemap": "+020000X000020+01112111112111021D1313E3131D12210121212121012020000000000020012121212121210C2333233323332C01212121212121002000000000002021012121212101221D1313E3131D12011121111121110+020000Y000020+",
			"effects": []
		},
		{
			"time": 240,
			"num": 22,
			"music": 3,
			"width": 15,
			"height": 13,
			"tileIDs": {
				"bg": 3,
				"border": 3,
				"fixed": 3,
				"breakable": 3
			},
			"tilemap": "E0000200000230X211121010101310B23132D0000233301211121010121200D23132C000020210121112101010+200C23132C002+010101211121012020000C23132D0021210101211121033320000D23132B013101010121112Y0320000020000E",
			"effects": []
		},
		{
			"time": 240,
			"num": 23,
			"music": 3,
			"width": 15,
			"height": 13,
			"tileIDs": {
				"bg": 3,
				"border": 3,
				"fixed": 3,
				"breakable": 3
			},
			"tilemap": "333200D00D02333311121111121113311A0001000A11321+131010131012E2031301031302001213101013101E020000X1Y000020E1013101013121002031301031302E210131010131+12311A0001000A11331112111112111333320D00D002333",
			"effects": []
		},
		{
			"time": 240,
			"num": 24,
			"music": 3,
			"width": 15,
			"height": 13,
			"tileIDs": {
				"bg": 3,
				"border": 3,
				"fixed": 3,
				"breakable": 3
			},
			"tilemap": "310E020+020E0133101212121210133100000E0000013311111212111113210002000200012010101010101010B2D202X2Y202D2B0101010101010102100020002000123111112121111133100000E0000013310121212121013310E020+020E013",
			"effects": []
		},
		{
			"time": 240,
			"num": 25,
			"music": 3,
			"width": 15,
			"height": 13,
			"tileIDs": {
				"bg": 3,
				"border": 3,
				"fixed": 3,
				"breakable": 3
			},
			"tilemap": "2222000X0002222013101111101310013123313321310D1112111112111D0131E00E00E131001312111112131022+223313322+220131211111213100131E00E00E1310D1112111112111D0131233133213100131011111013102222000Y0002222",
			"effects": []
		},
		{
			"time": 240,
			"num": 26,
			"music": 3,
			"width": 15,
			"height": 13,
			"tileIDs": {
				"bg": 3,
				"border": 3,
				"fixed": 3,
				"breakable": 3
			},
			"tilemap": "X000002220000DD1111011111211110C01020E02+10C03101013131010130201023232010203101013131010130202B10201B20203101013131010130201023232010203101013131010130C01+20E02010C0111121111101111DD000022200000Y",
			"effects": []
		},
		{
			"time": 240,
			"num": 27,
			"music": 3,
			"width": 15,
			"height": 13,
			"tileIDs": {
				"bg": 3,
				"border": 3,
				"fixed": 3,
				"breakable": 3
			},
			"tilemap": "X0000002A00000+212121212121212313131313131313212121212121212E00C000D000C00E212121212121212313131313131313212121212121212E00C000D000C00E212121212121212313131313131313212121212121212+00000A2000000Y",
			"effects": []
		},
		{
			"time": 240,
			"num": 28,
			"music": 3,
			"width": 15,
			"height": 13,
			"tileIDs": {
				"bg": 3,
				"border": 3,
				"fixed": 3,
				"breakable": 3
			},
			"tilemap": "X23232323232323012121212121212023232323232323011111111111112000000010000000111111010111111BBBEEE+1+EEEBBB11111101011111100000001000000021111111111111032323232323232021212121212121032323232323232Y",
			"effects": []
		},
		{
			"time": 240,
			"num": 29,
			"music": 3,
			"width": 15,
			"height": 13,
			"tileIDs": {
				"bg": 3,
				"border": 3,
				"fixed": 3,
				"breakable": 3
			},
			"tilemap": "0000000X00000000121212121212100E111A000+111E0011111113111110010D0131310D010013131313131310013232313232310013131313131310010D0131310D0100111113111111100E111+000A111E00121212121212100000000Y0000000",
			"effects": []
		},
		{
			"time": 240,
			"num": 30,
			"music": 3,
			"width": 15,
			"height": 13,
			"tileIDs": {
				"bg": 3,
				"border": 3,
				"fixed": 3,
				"breakable": 3
			},
			"tilemap": "00000000000000001212101012121002*0020202*00200100010101000100200020202000200121210101212100000000+0000000012101212101210000002*0020000021210100010121200X202000202Y00010101212101010+0020000000200+",
			"effects": []
		},
		{
			"time": 240,
			"num": 31,
			"music": 4,
			"width": 15,
			"height": 13,
			"tileIDs": {
				"bg": 4,
				"border": 4,
				"fixed": 4,
				"breakable": 4
			},
			"tilemap": "X002023332A200Y0101A11111010100002000+0002000212121212121212010D0233320D010010101313101010E10F0233320F01E010101313101010010D0233320D0102121212121212123332000+00023333131011111A13133332A2333202333",
			"effects": []
		},
		{
			"time": 240,
			"num": 32,
			"music": 4,
			"width": 15,
			"height": 13,
			"tileIDs": {
				"bg": 4,
				"border": 4,
				"fixed": 4,
				"breakable": 4
			},
			"tilemap": "21313131313131211212121212121132E0000F0000E231101+121212101132012101010102311010101010101132F2D2X+Y2D2F231101010101010113201010101210231101212121+101132E0000F0000E23112121212121211213131313131312",
			"effects": []
		},
		{
			"time": 240,
			"num": 33,
			"music": 4,
			"width": 15,
			"height": 13,
			"tileIDs": {
				"bg": 4,
				"border": 4,
				"fixed": 4,
				"breakable": 4
			},
			"tilemap": "3200000X0000+231121111111112111E30303D30303E11121212121212111F30303F30303F11121111111112113230303+30303231121111111112111F30303F30303F11121212121212111E30303D30303E111211111111121132+0000Y0000023",
			"effects": []
		},
		{
			"time": 240,
			"num": 34,
			"music": 4,
			"width": 15,
			"height": 13,
			"tileIDs": {
				"bg": 4,
				"border": 4,
				"fixed": 4,
				"breakable": 4
			},
			"tilemap": "2220000X0000222111121111121111133321F1F1233311111210101211112D000A222A000D2211111E10111112+333310+013333+21111101E1111122D000A222A000D2111121010121111133321F1F1233311111211111211112220000Y0000222",
			"effects": []
		},
		{
			"time": 240,
			"num": 35,
			"music": 4,
			"width": 15,
			"height": 13,
			"tileIDs": {
				"bg": 4,
				"border": 4,
				"fixed": 4,
				"breakable": 4
			},
			"tilemap": "2200F00220X022+21111111210121001E000E122222000101310131213100103+3013323320D1013101111111D01E000E1E000E100111111101310100233233103+301001312131013101000222221E000E10012101211111112+220Y02200F0022",
			"effects": []
		},
		{
			"time": 240,
			"num": 36,
			"music": 4,
			"width": 15,
			"height": 13,
			"tileIDs": {
				"bg": 4,
				"border": 4,
				"fixed": 4,
				"breakable": 4
			},
			"tilemap": "X0000022200000E0111112121111100132A30303A23100131311111313102222010F01022221111310101311111+0C210+0120C+11111310101311112222010F01022220131311111313100132A30303A2310011111212111110E0000022200000Y",
			"effects": []
		},
		{
			"time": 240,
			"num": 37,
			"music": 4,
			"width": 15,
			"height": 13,
			"tileIDs": {
				"bg": 4,
				"border": 4,
				"fixed": 4,
				"breakable": 4
			},
			"tilemap": "A2220D000D0222A01X101212101Y1001+102222201+10011101212101110000F2222222F000012121010121210022220E2E022220012111212111210022133333331220012131111131210022131333131220012131313131210A221313+313122A",
			"effects": []
		},
		{
			"time": 240,
			"num": 38,
			"music": 4,
			"width": 15,
			"height": 13,
			"tileIDs": {
				"bg": 4,
				"border": 4,
				"fixed": 4,
				"breakable": 4
			},
			"tilemap": "F000020+020000F013101010101310033302333203330013101212101310B0000D0D0D0000B1111111111111111X00000+00000Y1111111111111111B0000D0D0D0000B013101212101310033302333203330013101010101310F000020+020000F",
			"effects": []
		},
		{
			"time": 240,
			"num": 39,
			"music": 4,
			"width": 15,
			"height": 13,
			"tileIDs": {
				"bg": 4,
				"border": 4,
				"fixed": 4,
				"breakable": 4
			},
			"tilemap": "303X3031303Y303012121010121210320+0231320+023012121010121210303F3031303F303111111111111111A000000+000000A111111111111111303D3031303E303012121010121210320+0231320+023012121010121210303D3031303E303",
			"effects": []
		},
		{
			"time": 240,
			"num": 40,
			"music": 4,
			"width": 15,
			"height": 13,
			"tileIDs": {
				"bg": 4,
				"border": 4,
				"fixed": 4,
				"breakable": 4
			},
			"tilemap": "000000000000000012121*001212100200000000000200101010001210100200000000000200*001111111*00000001X0+0Y1000000001111111000002000000000002001212121212121002+000000000+20012121212121210000000000000000",
			"effects": []
		},
		{
			"time": 300,
			"num": 41,
			"music": 5,
			"width": 15,
			"height": 13,
			"tileIDs": {
				"bg": 5,
				"border": 5,
				"fixed": 5,
				"breakable": 5
			},
			"tilemap": "G20000X2Y00002G0101212121210100200000B0000020012121212121210000000020000000112121010121211+1F000020000F1+3101212121210133202003330020233101010101010133202G20202G2023310121010121013000333020333000",
			"effects": []
		},
		{
			"time": 300,
			"num": 42,
			"music": 5,
			"width": 15,
			"height": 13,
			"tileIDs": {
				"bg": 5,
				"border": 5,
				"fixed": 5,
				"breakable": 5
			},
			"tilemap": "3333000+00033331111111111111110202000X0002020F1E101212101E1F0202023332020202111111111111122G0G000+00G0G02211111111111112020202333202020F1E101212101E1F0202000Y00020201111111111111113333000+0003333",
			"effects": []
		},
		{
			"time": 300,
			"num": 43,
			"music": 5,
			"width": 15,
			"height": 13,
			"tileIDs": {
				"bg": 5,
				"border": 5,
				"fixed": 5,
				"breakable": 5
			},
			"tilemap": "3101D20X0201G1331G1010101010133101020002D1013310101212101013310100000001013212121212121212+0A023333320A0+2121212121212123101000000010133101012121010133101D2000201013310101010101G1331G1020Y02D1013",
			"effects": []
		},
		{
			"time": 300,
			"num": 44,
			"music": 5,
			"width": 15,
			"height": 13,
			"tileIDs": {
				"bg": 5,
				"border": 5,
				"fixed": 5,
				"breakable": 5
			},
			"tilemap": "+020D10301D020+012101313101210222221020122222012101313101210B020B10201B020B212121313121212002001020100200G121G13131G121G002001020100200212121313121212000001020100000012101313101210X000010+010000Y",
			"effects": []
		},
		{
			"time": 300,
			"num": 45,
			"music": 5,
			"width": 15,
			"height": 13,
			"tileIDs": {
				"bg": 5,
				"border": 5,
				"fixed": 5,
				"breakable": 5
			},
			"tilemap": "X0000002000000Y2121212121212120G000G02G00000G212121212121212000000111000000E1E101111101E1E000021121120000212111212111212002112333211200+1112131312111+211233333332112112131A1A1312111233300+0033321",
			"effects": []
		},
		{
			"time": 300,
			"num": 46,
			"music": 5,
			"width": 15,
			"height": 13,
			"tileIDs": {
				"bg": 5,
				"border": 5,
				"fixed": 5,
				"breakable": 5
			},
			"tilemap": "3232020X02023233131E10101E13133232020002023231111212121211113331000G00013330101112121110100+0DD10+01DD0+00101112121110103331000G00013331111212121211113232020002023233131E10101E13133232020Y0202323",
			"effects": []
		},
		{
			"time": 300,
			"num": 47,
			"music": 5,
			"width": 15,
			"height": 13,
			"tileIDs": {
				"bg": 5,
				"border": 5,
				"fixed": 5,
				"breakable": 5
			},
			"tilemap": "220C000+0000E222111211111211120010G001000G1000111111111111100133000+0003310013111111111310X131333+333131Y0131111111113100133000+0003310011111111111110001G000100G010021112111112111222E0000+000C022",
			"effects": []
		},
		{
			"time": 300,
			"num": 48,
			"music": 5,
			"width": 15,
			"height": 13,
			"tileIDs": {
				"bg": 5,
				"border": 5,
				"fixed": 5,
				"breakable": 5
			},
			"tilemap": "X0013333333100Y010111010111010002201010102200112121F1F1212113102222222220133111010101011133002A2A2A2A2003311101010101113310222222222013112121E1E121211G0220101010220G010111010111010+0013333333100+",
			"effects": []
		},
		{
			"time": 300,
			"num": 49,
			"music": 5,
			"width": 15,
			"height": 13,
			"tileIDs": {
				"bg": 5,
				"border": 5,
				"fixed": 5,
				"breakable": 5
			},
			"tilemap": "3333333+3333333111111111111111X1+1+1+1+1+1+1Y010101010101010012121212121210010101G1G1010100101F10101F101001D101G1G101D100101F10101F1010010101G1G101010210101010101012212121212121212002020202020200",
			"effects": []
		},
		{
			"time": 300,
			"num": 50,
			"music": 5,
			"width": 15,
			"height": 13,
			"tileIDs": {
				"bg": 5,
				"border": 5,
				"fixed": 5,
				"breakable": 5
			},
			"tilemap": "000000X2Y0000000121212121212100000000200000001111211111211111+02020+02020+11111211111211110000A00000A00000121212121212100000000A000000001212121212121011*001*001*0011110001000100011110001000100011",
			"effects": []
		},
		{
			"time": 300,
			"num": 51,
			"music": 6,
			"width": 15,
			"height": 13,
			"tileIDs": {
				"bg": 6,
				"border": 6,
				"fixed": 6,
				"breakable": 6
			},
			"tilemap": "+331000X000133+3131012121013133312200G0022133112121111121211000100000001000H1010131310101H0202E23+32E202001H101313101H100001000000010001121211111212113312200G0022133313101212101313+331000Y000133+",
			"effects": []
		},
		{
			"time": 300,
			"num": 52,
			"music": 6,
			"width": 15,
			"height": 13,
			"tileIDs": {
				"bg": 6,
				"border": 6,
				"fixed": 6,
				"breakable": 6
			},
			"tilemap": "+000000X000000+213131313131312213131313131312212121212121212B000H000F000H0001212121212121001313131313131001212121212121000H000F000H000B212121212121212213131313131312213131313131312+000000Y000000+",
			"effects": []
		},
		{
			"time": 300,
			"num": 53,
			"music": 6,
			"width": 15,
			"height": 13,
			"tileIDs": {
				"bg": 6,
				"border": 6,
				"fixed": 6,
				"breakable": 6
			},
			"tilemap": "220000X0Y0000222121112121112120213331013331200131210101213100132000H0002310013101212101310F132G20+02G231F0131012121013100210000H000012001010121210101002+013333310+202121212121212122200E01110E0022",
			"effects": []
		},
		{
			"time": 300,
			"num": 54,
			"music": 6,
			"width": 15,
			"height": 13,
			"tileIDs": {
				"bg": 6,
				"border": 6,
				"fixed": 6,
				"breakable": 6
			},
			"tilemap": "001000D0D00010001010121210101000001333331000031013121213101332A1320+0231A2331013121213101300023333333200001111121211111010000H000H00001112121212121211100H000H000H001X1111121211111Y00+113333311+00",
			"effects": []
		},
		{
			"time": 300,
			"num": 55,
			"music": 6,
			"width": 15,
			"height": 13,
			"tileIDs": {
				"bg": 6,
				"border": 6,
				"fixed": 6,
				"breakable": 6
			},
			"tilemap": "+0331111111330+013121X1Y12131033111000001113331H121010121H1312023200023202111012101012101112001A0+0A100211101010101010113100002220000133121012121012133312F12221F2133312111121111213320000GGG000023",
			"effects": []
		},
		{
			"time": 300,
			"num": 56,
			"music": 6,
			"width": 15,
			"height": 13,
			"tileIDs": {
				"bg": 6,
				"border": 6,
				"fixed": 6,
				"breakable": 6
			},
			"tilemap": "X0000001000000Y212121212121212E000010+010000E212101111101212333200111002333313101313101313333201020102333212101313101212H00001B2B10000H212101313101212033201020102330013101313101310+002H10+01H200+",
			"effects": []
		},
		{
			"time": 300,
			"num": 57,
			"music": 6,
			"width": 15,
			"height": 13,
			"tileIDs": {
				"bg": 6,
				"border": 6,
				"fixed": 6,
				"breakable": 6
			},
			"tilemap": "X0011111111100Y01213131313121002H133313331020010121212121H1002001221221002001H101212101010+2000B212B00H2+01010121210101002H013313310020010131313131H10020133212331020012131212131210000111111111000",
			"effects": []
		},
		{
			"time": 300,
			"num": 58,
			"music": 6,
			"width": 15,
			"height": 13,
			"tileIDs": {
				"bg": 6,
				"border": 6,
				"fixed": 6,
				"breakable": 6
			},
			"tilemap": "X0000022200000Y011111111111110013030303030310211111111111012E1303030303131E01011111110101001313030+131310G1010111110101GG1313030303131G210111111111012013030303030310011111111111110+002H0H0H0H200+",
			"effects": []
		},
		{
			"time": 300,
			"num": 59,
			"music": 6,
			"width": 15,
			"height": 13,
			"tileIDs": {
				"bg": 6,
				"border": 6,
				"fixed": 6,
				"breakable": 6
			},
			"tilemap": "3333333133333333131312121313133333120002133333121010101012131D00020+02000D1111111111111111120102+1+20102101H1010101G1010020202F1020202001010101010101002020201F2020200101G1010101H10X2020201020202Y",
			"effects": []
		},
		{
			"time": 300,
			"num": 60,
			"music": 6,
			"width": 15,
			"height": 13,
			"tileIDs": {
				"bg": 6,
				"border": 6,
				"fixed": 6,
				"breakable": 6
			},
			"tilemap": "000000*0000000001110100010111002+100000001D20010101*00101D10020100000001D20010101000101D10X2D100000001D2Y01D101*0010101002D10000000102001D10100010101002D100*00001+20011101000101110000000000000000",
			"effects": []
		},
		{
			"time": 300,
			"num": 61,
			"music": 7,
			"width": 15,
			"height": 13,
			"tileIDs": {
				"bg": 7,
				"border": 7,
				"fixed": 7,
				"breakable": 7
			},
			"tilemap": "000000X0Y000000211111212111112+1030203020301+013131313131310010302030203010I1212121212121001030203020301II1313131313131001030203020301II1212121212121001030203020301II131313131313100103020+020301I",
			"effects": []
		},
		{
			"time": 300,
			"num": 62,
			"music": 7,
			"width": 15,
			"height": 13,
			"tileIDs": {
				"bg": 7,
				"border": 7,
				"fixed": 7,
				"breakable": 7
			},
			"tilemap": "X0000000000000Y1111211111211110I01I00200I10I0010111010111010022221020122220010101010101010I2323102013232I013131C1C131310023231020132320013131010131310013+3102013+3102111110101111122200H00200H0022",
			"effects": []
		},
		{
			"time": 300,
			"num": 63,
			"music": 7,
			"width": 15,
			"height": 13,
			"tileIDs": {
				"bg": 7,
				"border": 7,
				"fixed": 7,
				"breakable": 7
			},
			"tilemap": "3333333333333332121212+212121220I000010000I02211111111111112200H00+1+00H00221111111111111220G000+1+000G02211111111111112200H00+1+00H00221111111111111220I000010000I022111112+2111112X0000000000000Y",
			"effects": []
		},
		{
			"time": 300,
			"num": 64,
			"music": 7,
			"width": 15,
			"height": 13,
			"tileIDs": {
				"bg": 7,
				"border": 7,
				"fixed": 7,
				"breakable": 7
			},
			"tilemap": "+00233333332I0+010121111121010I00100H0H00100021110101010111232002222222002331012101012101331H020X0Y020H13310121010121013320022222220023211101010101112000100H0H00100I010121111121010+0I23333333200+",
			"effects": []
		},
		{
			"time": 300,
			"num": 65,
			"music": 7,
			"width": 15,
			"height": 13,
			"tileIDs": {
				"bg": 7,
				"border": 7,
				"fixed": 7,
				"breakable": 7
			},
			"tilemap": "222221111122222212121E1E1212122113030303031122131212121213121I02303030320I11131012121013111H023+X0Y+320H11131012121013111I02303030320I1213121212121312211303030303112212121E1E121212222221111122222",
			"effects": []
		},
		{
			"time": 300,
			"num": 66,
			"music": 7,
			"width": 15,
			"height": 13,
			"tileIDs": {
				"bg": 7,
				"border": 7,
				"fixed": 7,
				"breakable": 7
			},
			"tilemap": "1333300+00333313121312121312133213300I00331233131111111113133331000D0001333010101212101010+2H1D2X+Y2D1H2+0101012121010103331000D00013333131111111113133213300I00331233121312121312131333300+0033331",
			"effects": []
		},
		{
			"time": 300,
			"num": 67,
			"music": 7,
			"width": 15,
			"height": 13,
			"tileIDs": {
				"bg": 7,
				"border": 7,
				"fixed": 7,
				"breakable": 7
			},
			"tilemap": "X0000011100000Y2121211111212123333310+01333332121110101112123331000E00013332121212121212120A010G000G010A021112121212111201E0000H0000E10012121212121210+10I000I000I01+112121212121211333333333333333",
			"effects": []
		},
		{
			"time": 300,
			"num": 68,
			"music": 7,
			"width": 15,
			"height": 13,
			"tileIDs": {
				"bg": 7,
				"border": 7,
				"fixed": 7,
				"breakable": 7
			},
			"tilemap": "I020000X000020I2121212121212120H0001B1B10000H2121210101212123333310+0133333111111111111111+0233333333320+1111111111111113333310+0133333212121010121212H00001B1B1000H0212121212121212I020000Y000020I",
			"effects": []
		},
		{
			"time": 300,
			"num": 69,
			"music": 7,
			"width": 15,
			"height": 13,
			"tileIDs": {
				"bg": 7,
				"border": 7,
				"fixed": 7,
				"breakable": 7
			},
			"tilemap": "33333332IHIHI0+111111111111111333332020233333111111010111111000200F1F002000010101111101010X202220+022202Y010101111101010000200F1F002000111111010111111333332020233333111111111111111+0HIHIH23333333",
			"effects": []
		},
		{
			"time": 300,
			"num": 70,
			"music": 7,
			"width": 15,
			"height": 13,
			"tileIDs": {
				"bg": 7,
				"border": 7,
				"fixed": 7,
				"breakable": 7
			},
			"tilemap": "2222000X00022221111010101011111*00200+002*001100001010100001100020000020001111111121111111H0I0H0I0H0I0H0I1111111211111111*002000002*0011000010101000011000200+00200011111010101011112222000Y0002222",
			"effects": []
		},
		{
			"time": 300,
			"num": 71,
			"music": 8,
			"width": 15,
			"height": 13,
			"tileIDs": {
				"bg": 8,
				"border": 8,
				"fixed": 8,
				"breakable": 8
			},
			"tilemap": "110200X0Y002011110111111111011H0010303030100H212131+1+13121232E131111131E23010131+1+1310103201000J000102301011131311101032000131310002321210131310121200020133310200011010111110101111D2000+0002D11",
			"effects": []
		},
		{
			"time": 300,
			"num": 72,
			"music": 8,
			"width": 15,
			"height": 13,
			"tileIDs": {
				"bg": 8,
				"border": 8,
				"fixed": 8,
				"breakable": 8
			},
			"tilemap": "H002000Y000200H111111212111111333101020101333313101C101013133331010+01013331211011111011213332J20+02J23331211011111011213331010+010133331310101010131333310102C101333111111212111111H002000X000200H",
			"effects": []
		},
		{
			"time": 300,
			"num": 73,
			"music": 8,
			"width": 15,
			"height": 13,
			"tileIDs": {
				"bg": 8,
				"border": 8,
				"fixed": 8,
				"breakable": 8
			},
			"tilemap": "223232023202322213111G111H1312213101+1+1013120131011101113100132H232G232310011111111111110X022000J000220Y0111111111111100132023202323100131H111G111310213101+1+101312213111011101312223232G232H2322",
			"effects": []
		},
		{
			"time": 300,
			"num": 74,
			"music": 8,
			"width": 15,
			"height": 13,
			"tileIDs": {
				"bg": 8,
				"border": 8,
				"fixed": 8,
				"breakable": 8
			},
			"tilemap": "000000X0Y00000001112111112111001+313333313+10013121212121310221A000I000A1222121212121212120H000002000000H11111111111111200000000J000000211111111111111000000J00000000111111111111112+33333333333333",
			"effects": []
		},
		{
			"time": 300,
			"num": 75,
			"music": 8,
			"width": 15,
			"height": 13,
			"tileIDs": {
				"bg": 8,
				"border": 8,
				"fixed": 8,
				"breakable": 8
			},
			"tilemap": "2222220J022222221X121010121Y12000001010100000212121010121212023201010102320H131010101G1310023201J1J1023200131G101010131H023201010102320212121010121212333331010133333212121010121212+000220J022000+",
			"effects": []
		},
		{
			"time": 300,
			"num": 76,
			"music": 8,
			"width": 15,
			"height": 13,
			"tileIDs": {
				"bg": 8,
				"border": 8,
				"fixed": 8,
				"breakable": 8
			},
			"tilemap": "2233333+3333322211111212111112010000J20J0001F01012121212101001000J02J000010011111212111110010+0132310+010010101313101010F1010132310101021E101313101012210201323102E12011111111111110000000X2Y000000",
			"effects": []
		},
		{
			"time": 300,
			"num": 77,
			"music": 8,
			"width": 15,
			"height": 13,
			"tileIDs": {
				"bg": 8,
				"border": 8,
				"fixed": 8,
				"breakable": 8
			},
			"tilemap": "+1323102G13231+D10101G1010101D01323102J132310010101J1010101001323102H132310010101H101010100132310+013231001010101H101010013231H2013231001010101J101010013231J2013231001212101G121210X00001G2010000Y",
			"effects": []
		},
		{
			"time": 300,
			"num": 78,
			"music": 8,
			"width": 15,
			"height": 13,
			"tileIDs": {
				"bg": 8,
				"border": 8,
				"fixed": 8,
				"breakable": 8
			},
			"tilemap": "0001333+3331000010131313131010020133111331020010131J1J13101002013102013102001011101011101002E100020001E200101H12121H101002G100020001G2001011101011101002G1+10+01+1G2001110111110111000X222333222Y00",
			"effects": []
		},
		{
			"time": 300,
			"num": 79,
			"music": 8,
			"width": 15,
			"height": 13,
			"tileIDs": {
				"bg": 8,
				"border": 8,
				"fixed": 8,
				"breakable": 8
			},
			"tilemap": "200021J1J120002011101J1J10111001+101J1J101+10013101H1H101310013101H1H101310013101H1H101310013101B1B101310013101010101310013101010101310013101010101310013201010102310011111010111110200000X1Y000002",
			"effects": []
		},
		{
			"time": 300,
			"num": 80,
			"music": 8,
			"width": 15,
			"height": 13,
			"tileIDs": {
				"bg": 8,
				"border": 8,
				"fixed": 8,
				"breakable": 8
			},
			"tilemap": "3200000X000002321222222222221200000000000000000000000000000000000/0000000000000000000000000000000000000000000000000000000000000000000000000000000000000000000000000002122222222222123200000Y0000023",
			"effects": []
		}
	]
}
