{
	"name": "error",
	"parent": "home",
	"bg": "screenbg1.png",
	"layout": {
		"styles": {
			"default": {
				"font": "pf_tempesta_seven_bold.ttf",
				"character-size": 18,
				"spacing": 15
			},
			"error": {
				"font": "pf_tempesta_seven_bold.ttf",
				"character-size": 22,
				"spacing": 50
			},
			"error_path": {
				"font": "pf_tempesta_seven_bold.ttf",
				"character-size": 14,
				"spacing": 50,
				"h-align": "center"
			},
			"exit": {
				"font": "pf_tempesta_seven_bold.ttf",
				"character-size": 24,
				"spacing": 60
			},
			"version": {
				"font": "pf_tempesta_seven_bold.ttf",
				"character-size": 10,
				"spacing": 5
			}
		},
		"elements": [
			{
				"type": "text",
				"string": "FATAL ERROR",
				"interactable": false,
				"style": "error"
			},
			{
				"type": "text",
				"string": "!selected_levelset",
				"interactable": false
			},
			{
				"type": "text",
				"string": "{{LEVEL_SET}}",
				"style-override": {
					"color": "yellow"
				},
				"style": "error_path",
				"interactable": false
			},
			{
				"type": "text",
				"string": "!levelset_noexist",
				"interactable": false
			},
			{
				"type": "text",
				"name": "back",
				"string": "Back",
				"interactable": true,
				"style": "exit"
			},
			{
				"type": "text",
				"string": "{{FULL_VERSION}}",
				"style": "version",
				"position": [ 5, -18 ]
			}
		]
	}
}
